CustomerID,Predicted_LTV_3M
12346,59.82864
12347,1246.9131
12348,474.03638
12350,40.11858
12352,781.46405
12353,21.284925
12354,-10.504873
12355,207.25858
12356,174.69327
12358,33.492527
12359,2827.705
12360,751.09656
12361,163.09055
12362,1757.159
12363,336.01956
12364,239.12846
12365,536.9157
12370,240.3578
12372,350.3183
12373,65.22566
12377,66.67203
12378,252.70456
12379,362.42126
12380,1397.808
12381,485.171
12383,708.3337
12384,445.98453
12386,137.60977
12388,954.08044
12393,321.87128
12394,180.09338
12395,565.1214
12397,942.50073
12399,466.28094
12401,18.295471
12402,35.243835
12405,113.511246
12406,1984.8025
12407,511.77335
12408,1210.8481
12409,4903.7075
12410,207.73367
12412,299.62436
12413,283.40683
12414,235.97842
12415,12749.04
12417,924.07574
12418,-3.1337016
12421,226.04501
12422,254.32512
12423,135.42867
12424,1512.922
12426,267.38898
12427,289.46545
12428,604.7067
12429,1071.9229
12431,1875.9464
12432,1081.7457
12433,501.4594
12434,525.4403
12435,3723.3796
12437,2206.3562
12438,1350.3083
12441,150.28592
12444,1979.2074
12447,188.98996
12449,1917.0186
12450,70.21382
12451,3431.421
12453,219.87892
12455,715.5367
12456,703.2824
12457,1126.17
12458,158.92413
12461,279.83698
12462,606.57184
12463,383.97586
12464,362.34363
12465,267.9224
12468,283.18887
12471,5476.425
12472,1774.578
12473,2142.0789
12474,3364.57
12476,3098.8188
12477,4428.9263
12480,905.6406
12481,1438.6329
12483,847.51227
12484,1067.4464
12489,86.18263
12490,2153.227
12492,197.18141
12493,224.50423
12494,421.091
12500,2183.5332
12501,7.9461246
12502,1155.5299
12506,-13.77943
12507,333.5228
12509,106.45337
12510,353.543
12513,258.26694
12514,118.691124
12515,201.93842
12516,723.7828
12517,1018.60785
12518,1140.3916
12520,935.6621
12521,411.6723
12523,693.51044
12524,1450.5565
12527,68.03964
12528,654.10913
12530,411.094
12534,157.80206
12535,180.21506
12539,914.2674
12540,4420.7017
12541,226.61209
12545,97.781456
12547,116.30454
12548,67.93805
12551,90.84483
12553,1281.8387
12556,137.85728
12557,3050.7195
12559,67.06632
12560,376.76007
12561,88.978386
12562,958.82544
12564,110.65313
12565,39.156136
12567,2744.116
12569,595.59955
12571,234.6432
12573,25.028795
12574,106.03195
12576,407.18362
12577,191.1229
12578,1369.3718
12580,-9.926725
12582,142.10986
12583,2172.5498
12584,425.5483
12585,131.0501
12589,491.41605
12590,19.81913
12591,51.991344
12592,436.2256
12593,123.52564
12594,943.95605
12596,144.54971
12597,1345.5153
12598,1245.2655
12599,347.17358
12600,579.0197
12601,-29.565882
12604,147.69548
12609,442.8114
12610,632.49475
12613,1320.8041
12614,98.406685
12615,842.0876
12616,270.18933
12619,1110.8649
12620,410.60715
12621,2549.2666
12622,37.188267
12623,63.21499
12624,361.94446
12625,127.372635
12626,1581.1763
12627,793.68414
12633,1483.6765
12635,52.455063
12637,1167.1759
12639,193.97331
12641,127.18933
12642,415.46436
12643,343.94952
12644,188.03038
12645,403.12622
12647,1729.2542
12648,214.954
12649,65.09259
12651,55.89533
12652,-13.476142
12653,753.296
12654,125.38497
12656,1135.0833
12662,1438.6991
12664,1194.1024
12665,27.314505
12668,131.86409
12669,859.97455
12670,264.82578
12672,35.243835
12673,24.3422
12674,686.2808
12676,362.19394
12678,9115.655
12679,438.79944
12680,154.57431
12681,3962.4812
12682,3416.1987
12683,1713.9843
12684,709.512
12686,68.109764
12688,247.66156
12689,497.6728
12690,208.76588
12691,429.48322
12693,435.60263
12694,774.19507
12695,174.8445
12697,389.25137
12700,1003.11694
12701,97.441
12704,1189.6012
12705,2164.6775
12707,182.51416
12708,822.8907
12709,3249.742
12710,337.154
12712,593.36957
12714,1333.646
12715,12.418143
12716,35.687515
12717,-16.012705
12720,1931.9111
12721,925.8545
12722,215.3714
12724,146.26408
12725,134.52762
12726,979.4757
12727,1024.2389
12728,152.90102
12729,438.5437
12731,4735.049
12732,122.47246
12733,63.5827
12734,57.541958
12735,186.3915
12736,48.107506
12738,143.65092
12743,252.06854
12744,4712.588
12747,1371.5007
12748,19066.371
12749,694.82086
12750,313.1738
12753,4797.6523
12754,-45.915276
12755,559.3689
12757,2484.586
12758,1705.4373
12759,714.8786
12763,158.61568
12764,175.08302
12766,1466.5527
12769,1.0674125
12770,-6.9743557
12775,560.94946
12778,193.56052
12779,933.502
12781,38.92548
12782,320.73093
12785,23.031929
12787,186.30135
12790,287.04544
12791,133.11833
12792,74.78129
12793,94.76161
12797,60.856903
12798,4392.985
12802,345.17798
12808,177.97697
12809,869.5723
12811,592.58276
12814,104.02512
12815,307.28842
12816,280.57098
12817,108.756996
12818,241.36366
12820,135.10867
12821,53.347214
12823,445.81467
12826,587.721
12828,167.24881
12829,23.825617
12830,2016.7802
12831,154.67436
12833,250.97202
12834,57.733692
12836,617.9112
12837,49.09879
12838,177.9418
12839,1812.6552
12840,1105.602
12841,1036.0698
12842,215.75116
12843,196.9774
12844,181.95686
12845,37.25973
12849,338.5193
12852,102.062706
12853,637.1241
12854,195.38348
12855,7.2884417
12857,-6.690595
12864,116.62291
12865,551.2528
12866,60.803345
12867,1594.4442
12868,933.8697
12871,139.47177
12872,64.27487
12873,216.98901
12875,333.15274
12876,1157.7487
12877,445.0941
12878,299.98013
12881,92.94567
12885,272.497
12886,724.9161
12888,226.62755
12891,31.009394
12897,105.65647
12901,5361.116
12902,223.0951
12904,80.612885
12908,436.86255
12909,664.7609
12910,700.47235
12913,695.35864
12915,208.86961
12916,73.910576
12917,294.30722
12919,302.3387
12921,7637.807
12922,148.26714
12924,317.2885
12928,1261.337
12929,102.153305
12930,224.36717
12931,6848.0273
12933,223.79465
12935,511.45905
12937,406.07663
12939,3504.86
12942,253.16266
12944,434.7882
12945,123.964554
12947,931.42584
12948,461.1848
12949,1060.3145
12951,188.57196
12955,1479.1572
12956,65.47044
12957,1659.8618
12962,132.221
12963,669.83215
12967,101.11183
12968,95.21557
12970,13.775218
12971,3212.0957
12974,76.29756
12976,397.9993
12977,27.284002
12980,2562.5996
12981,159.59616
12982,44.524986
12987,293.63535
12988,12.205751
12989,2275.0183
12990,124.5616
12991,228.41841
12993,236.32106
12994,329.84915
12997,397.92688
12999,169.23401
13000,94.28129
13001,625.52484
13002,156.27191
13003,34.08693
13004,1801.6688
13005,80.88365
13008,-5.39231
13011,39.495827
13012,417.70496
13013,1063.0002
13014,924.6534
13015,1281.7573
13016,264.71323
13018,2473.2256
13021,1024.9197
13023,151.4253
13026,317.2787
13027,236.84341
13029,405.39645
13030,249.2605
13033,149.06223
13034,274.4831
13035,212.5411
13037,367.2716
13038,510.45258
13043,144.65706
13044,126.39177
13046,171.6316
13047,1620.2372
13048,584.7169
13049,220.12263
13050,1329.5298
13052,319.95337
13055,366.6734
13058,100.75776
13059,82.80948
13060,59.84596
13062,204.41534
13064,390.3665
13065,103.98326
13068,114.80078
13069,1187.5374
13070,108.03902
13072,95.20999
13075,157.91888
13077,93.91823
13078,4628.816
13079,143.85085
13080,-44.471676
13081,9434.499
13082,1486.6289
13085,121.97561
13089,15051.388
13090,3280.4521
13092,84.88784
13093,-13.699374
13094,1067.635
13097,1615.4336
13098,11927.335
13101,23.948114
13102,2239.7588
13104,348.06897
13106,65.722626
13107,569.19086
13108,40.854954
13109,153.23566
13110,395.69284
13113,6409.287
13115,1488.4391
13116,211.09633
13117,287.35742
13118,440.95004
13120,67.43544
13121,88.08025
13122,143.06445
13124,1162.9808
13126,574.4068
13131,395.80206
13132,71.06562
13133,26.393469
13134,741.68134
13135,1936.9088
13136,953.2383
13137,1429.2639
13138,354.35275
13139,2746.0195
13140,123.52564
13141,937.60504
13144,24.840563
13145,252.5899
13148,978.14087
13149,801.6789
13151,114.47308
13155,279.5824
13157,551.3535
13158,369.42166
13159,421.86322
13161,584.1728
13162,193.78745
13165,455.94205
13166,47.707333
13167,310.06592
13168,495.48148
13169,566.5808
13171,368.5859
13173,172.0264
13174,481.08136
13178,1584.137
13183,900.65106
13184,393.7317
13185,71.01645
13186,407.21664
13187,46.079132
13189,101.11323
13192,308.79797
13194,26.626085
13196,623.34454
13198,536.95874
13199,4219.7227
13200,471.43665
13203,408.53857
13207,242.38493
13208,368.77298
13209,1554.7701
13211,94.18581
13213,356.37674
13216,138.50351
13217,262.50043
13218,14.380084
13220,375.18747
13221,97.54101
13223,45.86104
13224,896.93256
13225,1190.6742
13226,47.135468
13227,114.28514
13229,136.75354
13230,162.1594
13232,599.1045
13233,129.76312
13235,11.069765
13236,470.53702
13238,311.804
13239,212.31989
13240,189.47227
13242,21.236715
13243,383.5985
13246,447.46286
13248,258.97574
13249,264.94122
13253,7.47525
13255,112.54831
13258,322.239
13261,144.94913
13262,141.24377
13263,2209.0461
13265,1122.6326
13266,1253.9729
13267,1258.8767
13268,987.23615
13269,1723.161
13270,86.55892
13273,100.96988
13277,91.60324
13280,224.9914
13282,810.804
13283,55.770466
13284,97.52783
13285,935.50635
13291,135.80682
13292,177.64125
13294,215.40419
13295,150.45543
13296,54.702698
13299,228.03816
13300,105.540596
13301,146.65498
13302,53.820538
13304,129.60487
13305,613.3368
13307,91.795845
13308,494.05246
13309,397.0215
13310,443.8887
13311,11.04056
13313,271.46722
13316,1337.1415
13317,797.77313
13319,3683.718
13320,569.2789
13324,1564.2572
13327,1624.8247
13328,-62.717003
13329,298.7153
13330,559.5149
13334,779.3402
13338,140.86226
13339,396.3062
13340,1540.7789
13341,991.8444
13343,529.37476
13344,954.3292
13345,52.99376
13355,72.995224
13357,172.5274
13358,155.19894
13362,994.01654
13365,954.2102
13368,95.922646
13369,65.44284
13370,118.66202
13373,1129.0554
13376,430.1695
13379,254.73126
13381,1133.6027
13382,59.90173
13384,438.11258
13385,282.3092
13388,206.85309
13389,333.53372
13391,-3.0048068
13394,792.00354
13395,188.73154
13396,93.59414
13397,626.30804
13398,111.735565
13402,70.99653
13404,172.45815
13405,452.18024
13408,14223.844
13410,68.22778
13411,140.13672
13414,357.63202
13417,205.99074
13418,1899.3612
13420,84.51487
13421,712.10767
13425,291.25574
13426,1393.3826
13427,331.70926
13435,1183.977
13437,1195.2596
13439,165.55865
13448,1509.3011
13450,517.87634
13451,504.541
13452,73.95677
13453,174.70808
13455,423.421
13456,618.94446
13458,2027.1151
13461,488.389
13462,160.27603
13466,184.44461
13468,1104.2943
13470,129.0536
13473,88.36246
13474,69.80155
13475,524.368
13476,419.3333
13477,328.2451
13479,104.284355
13481,535.43427
13482,35.677383
13484,103.33337
13485,123.242775
13486,197.80835
13487,250.00195
13488,2259.0212
13489,122.51527
13491,432.6321
13492,265.43027
13493,62.349915
13494,29.099016
13495,759.56665
13496,154.89003
13497,153.46985
13499,329.2172
13500,522.1638
13501,99.670975
13502,112.86169
13505,1494.7854
13506,170.90894
13507,1007.4015
13508,53.907513
13509,198.1137
13510,758.46387
13512,138.19379
13513,192.8181
13515,437.2827
13516,566.6749
13517,653.08417
13520,644.8079
13523,1222.8806
13524,121.31889
13525,193.24939
13527,399.10666
13529,145.33684
13531,278.33896
13533,58.03071
13534,1178.9221
13538,478.68906
13539,221.79402
13544,113.51804
13546,236.39091
13548,331.7527
13549,303.4159
13551,-0.90037227
13552,955.02905
13555,583.5144
13557,195.93166
13561,295.34213
13562,798.53143
13563,221.9002
13564,552.16223
13565,31.993902
13568,20.7312
13569,166.29985
13570,164.57921
13571,823.18964
13572,55.078823
13573,166.5262
13575,173.61803
13576,2505.0723
13577,595.8951
13579,304.16205
13581,195.30191
13583,215.76016
13584,83.22545
13588,938.5015
13589,266.76718
13590,641.5634
13591,438.45715
13592,91.163185
13593,130.08124
13599,2042.2504
13600,52.97828
13601,337.86337
13606,68.59458
13610,332.0817
13611,298.15933
13614,725.64825
13615,48.394085
13617,190.46227
13618,30.875446
13621,191.51129
13623,260.51614
13626,129.46559
13627,403.5712
13629,2810.2136
13630,389.911
13631,181.73009
13632,204.91904
13634,299.7845
13636,343.55286
13637,252.54823
13642,285.75406
13643,75.66711
13644,1491.6166
13645,200.23666
13647,314.66177
13649,193.38765
13650,537.96014
13652,677.4026
13654,1345.694
13655,63.505894
13656,161.24692
13657,97.26975
13658,1290.7128
13659,211.96678
13662,278.89703
13663,52.844604
13666,48.21305
13667,34.33242
13668,2875.6338
13669,100.11008
13672,136.66415
13675,211.76143
13678,136.01367
13680,115.3619
13681,135.2787
13682,-32.07387
13684,47.4664
13686,67.779274
13692,462.3282
13694,16020.271
13695,1015.15643
13699,98.89417
13700,688.8867
13703,107.80937
13705,224.36427
13706,36.92568
13707,191.90384
13708,90.16897
13709,313.50885
13711,87.96494
13712,82.56971
13715,292.0117
13716,91.698494
13717,356.37674
13718,237.75758
13719,311.73474
13720,274.27353
13722,566.69495
13723,177.20612
13725,279.29794
13726,834.9909
13728,493.06073
13730,517.35345
13731,81.59707
13735,1065.2131
13736,234.93144
13737,144.64787
13740,54.88959
13741,249.50093
13742,501.2759
13743,441.1098
13744,505.46576
13745,181.45367
13747,-20.958221
13748,440.08072
13750,442.40182
13751,137.95068
13752,595.44916
13753,276.39093
13754,460.74246
13756,1922.33
13758,1295.7931
13760,96.16463
13761,415.37576
13762,273.80612
13764,650.0721
13767,6633.6113
13769,757.99347
13771,1198.3177
13772,563.8492
13777,23447.316
13778,65.419235
13780,88.90034
13781,87.61019
13782,451.21393
13784,595.60986
13786,102.976845
13787,119.311485
13791,337.34448
13792,24.311548
13798,7275.161
13799,825.0999
13800,101.11733
13802,2355.1833
13803,228.61024
13804,969.8117
13805,274.29428
13807,104.19249
13809,45.365154
13811,375.07257
13812,394.20544
13813,262.03537
13814,370.45877
13815,1084.9448
13817,54.224537
13819,221.94003
13821,273.1317
13824,537.7756
13826,39.895527
13827,319.2332
13831,819.2051
13833,199.69928
13835,264.23703
13837,193.18596
13838,107.23027
13841,60.387695
13842,1100.7241
13846,352.75208
13848,259.1655
13849,1159.0717
13850,265.7385
13851,806.7
13854,1721.0641
13856,77.77233
13859,103.571236
13862,699.2751
13863,148.29352
13865,153.56831
13867,295.34213
13869,792.3683
13870,538.3742
13871,1859.8923
13873,38.999844
13874,270.3672
13875,548.2499
13880,1221.6626
13881,2782.2336
13883,1086.9696
13884,127.696594
13885,177.10426
13887,205.73856
13888,-73.08375
13890,422.22205
13892,42.076504
13893,156.83936
13894,238.78922
13895,1148.836
13898,5.633341
13899,90.16897
13900,358.84976
13901,288.88428
13904,193.58936
13908,725.16675
13911,711.45917
13917,114.03817
13918,235.3561
13919,246.58023
13922,87.64537
13925,380.3422
13928,113.08604
13929,261.97778
13930,299.4463
13931,508.76187
13932,70.616394
13933,275.5247
13934,349.5781
13936,418.3869
13937,180.92839
13939,227.24483
13940,263.6989
13941,1804.5706
13946,275.57513
13948,54.17245
13950,202.66043
13951,118.49892
13952,284.2682
13953,834.6502
13955,180.4415
13956,222.88197
13959,163.77235
13962,103.472694
13963,170.54286
13967,150.93205
13969,833.489
13971,881.57654
13972,102.10165
13973,83.11046
13975,728.01935
13976,285.8629
13982,641.38544
13983,753.3182
13984,251.2213
13985,3243.2883
13988,1731.1573
13989,1199.3591
13990,240.86566
13991,405.87433
13993,1076.8966
13994,911.2389
13995,452.1059
13999,1338.3842
14000,237.9562
14001,150.64572
14002,169.7364
14004,7.1527033
14005,906.5195
14006,504.86096
14009,483.03546
14012,63.676575
14013,129.50029
14016,380.282
14019,403.12668
14021,217.74896
14022,203.47542
14023,226.68672
14024,337.59766
14029,301.13303
14030,766.3608
14031,7069.001
14032,630.3233
14034,121.99616
14035,420.67996
14036,92.59564
14037,12.291894
14038,415.6565
14040,1256.5385
14041,826.7963
14044,128.2237
14045,243.22601
14046,34.07059
14047,308.21768
14048,76.60689
14049,2390.584
14050,498.63452
14051,4884.721
14053,174.06754
14055,-89.61038
14056,2187.6345
14057,2544.7466
14059,57.137074
14060,1752.1119
14062,2520.6504
14064,331.99478
14066,126.261986
14068,55.363575
14071,241.43016
14075,174.92763
14076,146.07922
14077,112.97332
14078,226.33867
14079,318.67642
14081,110.544914
14082,19.285095
14083,68.58667
14085,571.64655
14088,24955.918
14090,4.757535
14092,1014.1425
14096,55957.49
14099,1159.9121
14100,111.893814
14101,1572.4801
14104,130.6835
14105,57.951645
14107,905.5212
14108,7145.246
14110,1648.8158
14111,225.54424
14112,835.61053
14113,387.13403
14114,193.2196
14116,532.47284
14117,192.8058
14127,218.2367
14128,179.63148
14129,237.97316
14130,50.264687
14132,1276.2948
14133,163.69484
14135,1080.0724
14141,4735.43
14142,4.837648
14143,168.09746
14145,1050.1954
14146,694.82385
14147,60.64908
14148,139.21028
14149,162.82356
14150,142.57993
14152,173.81248
14154,8.594026
14155,97.14403
14156,32350.404
14157,177.83965
14159,1446.6357
14161,314.08786
14162,5.8327794
14163,665.7161
14165,87.65715
14167,166.69264
14173,111.994484
14175,1594.6246
14176,-16.581615
14177,48.14505
14178,545.5859
14180,1053.5428
14185,127.91569
14188,553.4742
14189,1560.4802
14191,1618.7842
14193,226.6515
14194,4591.884
14195,290.00125
14196,229.94598
14198,291.52097
14199,63.197437
14201,293.85104
14205,56.522842
14206,111.67428
14209,630.1153
14210,190.8709
14211,713.571
14214,353.84708
14215,713.96545
14217,668.2683
14220,92.61277
14221,1870.1174
14222,128.02853
14223,203.0441
14224,286.47147
14226,189.42044
14227,1071.1249
14229,390.8097
14231,571.60724
14232,547.72754
14233,578.10394
14235,1050.2982
14236,365.20963
14237,79.817474
14238,13.864886
14239,697.9847
14240,321.34595
14241,258.84863
14242,132.60397
14243,705.64655
14245,103.65307
14246,738.92175
14247,23.215273
14248,123.423775
14256,125.23068
14257,855.80524
14258,1954.1531
14259,154.93187
14262,1234.8306
14264,113.46647
14265,181.30177
14267,1042.0071
14270,71.77388
14271,51.395035
14272,114.72902
14273,147.77225
14276,541.6712
14277,2290.594
14280,78.50851
14282,925.1637
14285,34.82466
14286,2240.5261
14287,79.184326
14288,319.0004
14289,297.87338
14290,1258.9279
14291,956.88855
14292,1743.8666
14293,233.63669
14297,371.7295
14298,13679.376
14299,1114.4218
14301,24.362091
14304,105.672
14305,330.4116
14307,580.0889
14309,702.7242
14311,89.70768
14312,535.66144
14314,91.88171
14315,1063.5922
14320,295.26852
14321,357.82007
14323,9.242864
14326,70.5846
14327,119.76318
14329,1531.7429
14331,359.43436
14332,517.0863
14334,920.32306
14336,449.8938
14338,191.97638
14339,89.70768
14340,60.510986
14341,773.3915
14342,314.0946
14344,250.39066
14346,481.984
14348,79.748314
14350,87.921524
14351,43.7694
14352,384.62045
14353,61.388023
14355,78.52347
14364,19.729328
14367,3234.0322
14368,0.8062087
14371,66.73239
14373,33.39216
14375,233.34453
14377,146.39305
14379,70.0103
14383,256.14948
14386,105.03071
14387,950.2355
14388,1126.1917
14389,194.01834
14390,1703.1902
14393,103.79011
14395,898.9656
14396,171.3123
14397,1239.1932
14400,-8.589787
14401,1189.0685
14403,554.1671
14404,381.70618
14406,72.52841
14407,527.699
14408,433.68643
14409,380.6443
14410,430.62646
14411,332.41013
14413,105.268196
14414,517.14874
14415,1449.5406
14418,380.32117
14419,389.94922
14421,262.44113
14422,613.1365
14423,169.89078
14426,1651.9238
14428,290.84363
14431,69.013664
14437,77.39754
14438,121.92582
14439,457.45422
14440,607.0324
14441,758.27856
14442,414.74323
14443,1121.0059
14446,289.14838
14447,323.48575
14448,72.7649
14449,193.4015
14450,296.91476
14451,207.8743
14453,88.07172
14456,305.40115
14457,58.539402
14459,72.24533
14460,69.8872
14461,730.9743
14462,643.5344
14463,176.58678
14465,172.73613
14466,542.44507
14467,209.14912
14470,90.0059
14472,761.8073
14473,32.441677
14475,267.92172
14476,138.01279
14477,643.29504
14479,210.49658
14481,169.56097
14482,698.9405
14483,23.215273
14487,512.0518
14489,289.5239
14491,124.68717
14493,540.67834
14495,133.91837
14496,90.64009
14497,154.15907
14498,803.1276
14499,256.98273
14500,167.24881
14501,113.64684
14502,613.8366
14503,1418.9574
14504,136.8212
14505,1267.265
14506,258.36008
14507,261.2155
14511,375.1492
14512,17.88779
14513,107.539406
14514,296.6713
14515,590.2785
14517,86.66102
14520,147.59436
14522,396.29688
14523,110.71925
14524,810.3001
14525,1262.8058
14527,2680.376
14529,301.96912
14530,573.7372
14532,313.66245
14533,826.9524
14534,1345.0299
14535,1048.0487
14536,146.56024
14538,76.21626
14540,340.8199
14541,451.9141
14542,70.75559
14543,520.08014
14544,240.61696
14546,791.9277
14548,423.58258
14549,52.301468
14551,64.38968
14552,174.43115
14553,407.88483
14555,342.02765
14560,693.8626
14561,205.95726
14562,2060.2446
14565,723.1141
14566,-89.65672
14567,510.0671
14570,38.044178
14572,783.57947
14573,113.78337
14576,42.042534
14577,306.22504
14583,374.2544
14584,342.28668
14586,133.19975
14587,405.97366
14589,39.495827
14591,420.2956
14593,266.1627
14594,2.8583825
14595,878.81396
14597,226.09488
14600,-71.880005
14603,84.32491
14606,10558.034
14607,15006.773
14608,301.28152
14609,418.64417
14616,14.703304
14618,206.65858
14619,-68.54713
14620,283.12473
14621,383.3518
14622,362.92194
14623,102.63868
14625,250.9812
14626,912.2788
14628,284.1199
14631,224.80518
14632,129.05722
14633,99.61295
14636,227.08846
14639,1162.9238
14640,732.0222
14643,415.50778
14644,469.33737
14645,68.71525
14646,92035.336
14647,166.67575
14649,355.3958
14651,177.76079
14653,721.45154
14655,506.04617
14656,52.342392
14657,270.45233
14658,127.73898
14659,906.247
14660,158.01987
14662,222.91869
14665,689.74976
14667,3687.811
14669,106.695145
14670,171.07425
14672,342.09067
14673,960.75195
14676,798.1559
14680,4716.1006
14681,105.333206
14682,-11.603951
14684,607.6366
14687,168.85167
14688,1239.613
14689,86.656364
14690,116.36752
14691,759.484
14692,64.15153
14693,115.03459
14696,466.4608
14697,71.00896
14699,66.60124
14700,617.5897
14701,422.3674
14702,1054.091
14704,110.810455
14705,183.49568
14708,231.98608
14709,1505.5573
14711,851.6695
14712,256.8526
14713,949.2662
14715,366.77274
14716,185.94162
14719,345.31833
14720,234.49399
14722,294.7049
14723,453.65463
14727,75.30505
14729,21.193314
14730,446.5574
14731,242.64679
14732,870.37067
14733,723.90753
14735,1765.1399
14737,199.90419
14738,362.98138
14739,332.1282
14740,672.63104
14741,414.09528
14744,298.46347
14745,374.0866
14747,166.733
14748,386.28897
14754,288.41107
14755,1413.4999
14758,671.3768
14759,417.18707
14760,70.68007
14761,21.562656
14762,154.79987
14765,69.46574
14766,562.0219
14768,191.26971
14769,3658.219
14770,417.2765
14772,91.88576
14775,220.62564
14776,597.9711
14778,377.42096
14779,-4.2122455
14782,100.801445
14784,63.55813
14790,175.18521
14794,356.5011
14795,120.547844
14796,1965.0753
14798,133.67906
14800,1076.2596
14803,347.83218
14805,500.7536
14808,781.9006
14810,593.65466
14813,37.01166
14816,403.7821
14817,122.156456
14818,194.65558
14819,72.76094
14820,98.65009
14821,15.314483
14823,75.95478
14825,703.8278
14828,506.62598
14829,251.25127
14834,565.9417
14837,328.63696
14840,96.02552
14841,942.3728
14842,684.6899
14844,670.9177
14847,280.6463
14849,2814.6797
14850,65.49805
14851,160.35468
14852,1116.459
14853,184.80815
14854,1274.0856
14855,10.470588
14857,540.0892
14859,711.73
14862,379.42133
14865,42.042534
14866,12109.254
14867,330.63977
14868,972.4316
14869,141.59846
14870,245.85403
14871,158.8286
14873,462.97144
14875,199.17703
14878,481.75812
14880,219.85355
14883,228.8313
14885,293.54153
14886,132.24185
14888,223.69963
14889,7.45772
14890,106.65187
14891,384.44113
14895,2431.3176
14896,329.45822
14897,214.75871
14898,347.77917
14901,131.88184
14903,544.11835
14905,46.455006
14907,883.2382
14911,62328.637
14912,175.15288
14913,495.10284
14915,131.58641
14916,174.0183
14918,511.51685
14920,403.79507
14921,414.6639
14924,102.46781
14930,189.96004
14931,408.0029
14932,195.84189
14934,907.4725
14935,-75.414566
14936,2637.2869
14937,458.10217
14944,3013.2065
14947,154.59273
14948,321.56165
14952,4225.377
14957,40.400352
14958,260.18774
14959,226.18126
14960,81.984505
14961,2898.3606
14962,87.92416
14963,641.5866
14964,167.8424
14970,503.96988
14972,104.19015
14973,136.89221
14976,172.40097
14978,384.96222
14981,63.389755
14984,72.53884
14985,151.02135
14987,257.14154
14988,254.29166
14995,100.33436
14997,419.3581
14998,269.04663
15002,138.74123
15004,109.011826
15005,1832.2714
15007,141.59119
15012,133.11833
15014,97.249344
15016,83.52098
15018,97.87179
15019,89.08653
15021,445.50824
15023,1334.7428
15024,440.54187
15026,191.1105
15027,463.7608
15028,277.76132
15030,245.22441
15031,192.42125
15032,195.2871
15033,660.10785
15034,1500.2965
15036,276.07547
15038,-101.40446
15039,2309.1277
15041,108.74951
15042,86.10966
15044,2545.9294
15045,275.18893
15046,1377.5374
15047,135.73538
15048,90.82576
15049,98.033424
15051,758.49896
15052,71.94948
15053,124.990364
15057,26.476717
15058,813.8503
15059,554.03894
15061,14112.17
15062,323.62964
15063,145.177
15065,483.5599
15067,957.9535
15068,187.52502
15069,31.479864
15070,58.81894
15071,86.6732
15073,527.8055
15074,66.4971
15076,1266.878
15078,3183.2688
15079,370.6834
15081,263.3619
15083,56.112682
15087,61.492085
15089,731.6014
15090,55.437843
15092,229.62598
15093,716.06604
15095,242.5127
15098,33.872204
15100,80.871025
15101,54.17245
15104,94.79529
15105,721.8074
15106,459.79276
15107,-21.770454
15108,498.79532
15109,185.81433
15110,438.5913
15111,949.82904
15114,1160.9193
15116,593.91016
15117,255.73044
15118,85.54329
15119,133.49133
15120,71.15876
15121,137.95068
15122,7.2068796
15123,88.75808
15124,57.355564
15125,950.31476
15128,784.92664
15129,1314.2385
15130,262.9181
15132,406.13254
15133,287.18747
15134,466.34088
15135,263.43347
15139,102.01055
15140,654.09644
15143,161.22243
15144,2828.3132
15145,490.53885
15146,301.32156
15147,3.878206
15149,229.44865
15150,1092.9778
15152,2183.697
15157,145.71017
15159,7857.8667
15160,174.50363
15163,85.23864
15164,329.60266
15165,51.546997
15167,234.57126
15171,97.67093
15172,400.7453
15174,6.586458
15178,38.59788
15179,626.4
15180,28.798063
15181,156.7025
15182,119.16606
15184,123.37585
15186,142.27032
15187,1451.6237
15189,9080.11
15192,252.7013
15194,2207.5505
15197,148.57613
15198,138.62628
15199,476.4813
15201,417.6035
15203,619.3141
15204,84.243515
15205,179.38385
15206,254.30476
15208,359.96713
15210,224.59583
15211,399.69653
15212,68.449486
15213,138.68408
15214,544.0043
15218,1913.4004
15219,7.4254217
15220,551.7251
15221,328.6205
15222,414.92017
15223,814.66614
15224,143.18405
15225,50.50198
15226,61.2532
15227,468.3563
15228,1563.4038
15230,156.47493
15232,149.40028
15234,175.01054
15235,135.89645
15236,124.76965
15237,412.87744
15238,364.26135
15240,538.9267
15241,632.99036
15244,184.81754
15245,381.27087
15246,142.10986
15247,135.07423
15249,1503.2325
15251,4114.0464
15252,455.3995
15253,220.28839
15254,149.38168
15256,188.31673
15257,98.406685
15258,141.52612
15260,134.45563
15261,51.379208
15262,84.465866
15263,76.08681
15265,102.09184
15266,225.55504
15267,448.4102
15270,670.31744
15271,918.6286
15279,62.769726
15280,28.679499
15281,595.3322
15288,672.1214
15289,307.7542
15290,2741.7483
15291,1363.6074
15292,89.75136
15296,1127.7506
15298,1877.1367
15299,1256.2161
15301,1276.8737
15303,73.873146
15304,197.77957
15306,522.574
15308,94.762
15311,14523.147
15312,266.74207
15313,55.299793
15314,262.43817
15315,217.89522
15316,117.57057
15319,153.65445
15321,1469.6501
15325,68.07468
15326,21.096834
15329,573.8844
15332,69.59527
15333,41.532784
15334,65.02307
15339,91.4644
15342,1.6731895
15346,41.832947
15347,207.02458
15349,94.81228
15350,14.30434
15351,296.9879
15353,156.5237
15356,975.6001
15358,1929.1681
15361,115.33483
15363,32.225613
15364,338.67343
15365,1375.3368
15366,94.91666
15367,602.09973
15370,875.9853
15372,-74.84703
15373,680.0799
15374,108.52202
15376,392.9384
15379,247.57886
15380,483.60464
15381,165.73778
15382,936.0343
15384,285.83853
15386,102.0252
15388,120.59441
15389,75.667305
15392,506.4688
15393,78.316536
15394,740.027
15395,38.588146
15396,394.41476
15397,41.54133
15400,156.26317
15402,146.56686
15405,159.25844
15406,341.98245
15407,375.41986
15408,107.989
15410,1673.6952
15411,432.31937
15412,147.68639
15414,306.04858
15415,13.249919
15416,833.7436
15421,393.41385
15422,4.996564
15424,177.34883
15426,389.42886
15433,271.0186
15434,252.45975
15436,325.68515
15437,188.8063
15438,244.8036
15440,167.23068
15442,97.134865
15443,1355.4124
15445,30.977623
15447,3.54151
15448,95.67876
15449,435.40372
15452,139.97319
15453,425.2357
15454,87.89177
15456,96.35644
15457,153.44241
15460,129.9878
15462,169.86101
15464,8.320982
15465,1457.693
15467,219.8001
15469,274.4011
15472,127.543945
15480,21.798708
15482,694.80035
15483,55.62009
15485,1095.2892
15489,396.41064
15491,419.57208
15493,519.1991
15494,268.81766
15497,40.377697
15498,3367.1938
15502,2329.4834
15503,36.299194
15505,951.1096
15506,325.2684
15507,287.6748
15508,176.04561
15510,91.151474
15512,34.13048
15513,5769.425
15514,1636.8575
15517,178.59291
15518,503.2818
15521,975.33044
15525,97.47305
15527,789.90216
15528,81.74135
15529,1387.5939
15530,636.1059
15532,374.41132
15535,63.946663
15537,130.64697
15541,-20.740232
15543,64.79171
15544,1204.5529
15545,167.5041
15547,1452.758
15549,181.75484
15550,28.708897
15552,61.388023
15554,107.373726
15555,1711.9393
15561,281.6442
15562,47.037273
15563,487.50974
15569,261.27167
15570,1129.3882
15572,957.9831
15574,446.6413
15577,92.45595
15578,346.1966
15579,516.33386
15581,314.8207
15582,-34.851566
15584,351.05823
15585,92.374435
15587,256.3614
15589,200.83684
15594,178.59291
15596,66.64951
15599,357.36694
15601,1588.8478
15602,125.33477
15605,303.04718
15606,525.80615
15607,27.54367
15608,530.7433
15609,272.97742
15611,664.6898
15615,3088.8518
15618,257.4673
15620,486.72006
15622,1139.2517
15623,208.91144
15624,134.69188
15625,483.43597
15626,249.99875
15628,396.58032
15630,451.57172
15632,1114.0397
15636,152.09183
15639,108.8989
15640,1291.8523
15641,443.1031
15643,165.68726
15644,225.49799
15646,73.50863
15648,418.58322
15649,96.311806
15651,165.5011
15653,31.017336
15655,6.4286623
15656,633.5185
15658,273.47003
15660,511.88165
15661,17.98571
15663,113.381805
15665,618.83093
15668,62.91067
15669,141.37895
15670,216.96577
15671,836.97797
15673,755.3889
15674,891.89734
15675,151.46988
15676,1961.0956
15679,376.11502
15680,573.32806
15681,388.3264
15683,164.27179
15687,1026.9386
15689,65.15886
15690,132.20934
15691,61.051994
15694,2866.3833
15695,161.59161
15696,895.3314
15700,105.446175
15701,404.20645
15703,133.63083
15704,469.73862
15705,81.3809
15706,447.8197
15708,1928.6279
15709,77.11465
15712,382.1172
15713,315.59702
15716,521.4266
15717,69.808586
15719,1523.3778
15722,920.50836
15723,125.26565
15724,49.80964
15727,967.7314
15729,82.53614
15730,481.84747
15732,257.42154
15733,112.64141
15734,76.83057
15737,473.74365
15738,1366.9725
15743,350.2185
15745,331.4192
15746,51.91261
15747,412.45123
15749,212.23038
15750,598.1466
15752,907.4863
15753,9.206984
15754,60.277157
15755,927.1217
15756,339.4808
15757,237.23422
15759,43.165436
15764,154.11694
15768,77.043434
15769,11020.757
15775,63.389755
15776,139.56947
15777,175.06985
15780,303.94357
15781,74.68553
15785,744.3371
15786,1588.2688
15789,203.50362
15791,420.53528
15793,248.00131
15795,294.1266
15796,555.73785
15797,915.62177
15799,292.07706
15800,304.1768
15801,192.15022
15802,377.69577
15804,315.83487
15805,1727.69
15806,243.85364
15808,22.030926
15809,83.70653
15810,517.9151
15811,391.11603
15812,876.0074
15813,81.72382
15815,952.5851
15819,629.96014
15820,142.40009
15822,140.46472
15823,26.690166
15825,245.0584
15826,495.6195
15827,411.1758
15829,394.75153
15831,475.79492
15832,437.3968
15834,748.7051
15835,218.63577
15838,2041.405
15839,351.5533
15840,80.612885
15841,176.78238
15843,47.424873
15845,2197.376
15847,71.38721
15850,139.83272
15852,61.743988
15854,695.3552
15855,200.81894
15856,3034.9265
15858,395.6372
15860,292.0888
15861,1055.7874
15862,207.61703
15863,38.339367
15864,683.2933
15865,375.1059
15866,111.01883
15867,696.17523
15869,31.40613
15874,1540.165
15880,119.11914
15881,288.3812
15882,76.02947
15885,193.96942
15889,151.35947
15891,143.74626
15894,97.627235
15895,114.72905
15897,65.71754
15898,365.6467
15899,58.854904
15901,127.58091
15903,2707.6665
15906,374.2544
15907,139.99815
15909,20.7312
15910,334.73825
15912,362.9108
15916,689.21
15917,98.44065
15918,125.37789
15919,232.18051
15920,14.968495
15921,-8.440963
15922,-15.67118
15923,68.53523
15925,130.39188
15932,380.35513
15935,185.69444
15938,-3.8174458
15939,1980.2789
15940,54.49598
15942,104.56017
15944,134.80562
15945,30.70187
15950,646.66473
15951,225.2864
15952,181.76466
15953,494.8622
15955,1463.245
15965,301.98877
15967,207.59871
15969,267.1404
15970,25.336477
15971,1505.6735
15973,150.18167
15974,1012.06354
15976,224.50423
15980,1086.8907
15981,1292.4675
15983,202.35103
15984,109.47532
15985,193.30481
15987,620.83405
15990,141.88629
15996,390.80725
15998,1259.451
16003,882.9172
16005,151.17096
16006,75.83794
16007,740.0222
16008,309.1836
16009,281.53668
16010,27.46344
16011,1131.9882
16012,213.72066
16013,12813.996
16014,164.58324
16016,421.4035
16018,188.27486
16019,945.03723
16022,125.732185
16023,314.03033
16027,234.51862
16029,28594.834
16030,150.91501
16031,148.29352
16033,2499.4639
16034,109.74624
16036,270.32437
16037,433.7081
16038,537.0882
16040,592.61285
16041,648.93756
16042,379.69043
16043,249.19536
16045,316.45358
16048,8.038137
16050,123.78564
16053,348.12442
16054,263.93677
16055,79.5852
16057,532.358
16059,420.3225
16062,335.6501
16063,212.5411
16065,419.96365
16066,340.05447
16072,57.758926
16073,114.35394
16076,586.7044
16078,24.647999
16080,76.82669
16081,1323.8708
16083,-68.33055
16084,173.49321
16085,183.76785
16086,366.09872
16091,207.93399
16092,169.6189
16093,131.20908
16094,162.53973
16096,101.46626
16097,70.5846
16098,508.5735
16099,158.022
16102,334.20844
16103,888.93134
16105,100.183365
16107,1578.5815
16109,176.78238
16110,401.21982
16112,70.37776
16113,199.52084
16114,36.440826
16115,389.36554
16116,85.24661
16117,108.874
16121,681.5282
16122,147.71274
16124,86.61815
16125,120.36517
16126,2533.784
16128,824.7824
16131,1096.1383
16133,3081.3206
16134,106.42638
16135,623.34454
16136,344.6531
16139,297.291
16140,282.0531
16142,71.323814
16143,206.96912
16144,148.51765
16145,1244.0636
16146,150.70079
16147,289.13232
16148,57.963226
16149,409.875
16150,757.6082
16152,123.99195
16153,390.6799
16156,1153.5713
16159,78.77837
16161,202.394
16162,37.035133
16163,347.85352
16168,1358.0015
16170,576.0562
16172,434.64392
16174,379.02985
16175,216.36282
16178,50.721897
16180,46.563843
16182,1821.5665
16184,415.74194
16185,325.9516
16186,1587.8257
16187,2031.4178
16188,229.44522
16191,2152.6934
16193,124.54419
16200,161.48701
16201,759.8403
16202,201.06277
16203,363.52255
16205,-20.424858
16206,165.99998
16208,280.6182
16209,510.3436
16210,6491.4116
16212,256.81302
16214,245.31268
16216,369.49927
16217,71.6141
16218,799.7576
16221,352.2215
16222,98.77633
16224,518.52545
16225,276.65137
16226,5.243341
16227,159.65462
16229,286.16235
16230,143.85355
16232,317.5386
16233,140.64308
16235,255.81566
16239,120.47834
16241,834.97424
16242,1035.1772
16244,118.183975
16245,631.6142
16247,97.68933
16249,912.86
16250,200.72302
16253,1662.7671
16255,710.1614
16256,98.15544
16257,0.69232607
16258,1394.384
16261,500.25085
16265,1694.86
16266,350.94534
16270,87.8949
16271,452.00748
16272,64.31903
16274,27.124144
16275,151.439
16276,293.4068
16278,-40.321537
16279,68.459595
16282,90.84483
16283,433.40723
16287,106.794876
16292,281.53827
16293,899.9602
16297,227.08846
16298,143.07509
16302,203.5982
16303,1338.1951
16305,175.07925
16306,153.7223
16308,697.727
16309,85.306305
16315,68.32721
16316,792.20166
16317,126.144875
16319,167.13823
16320,115.97875
16321,80.407036
16323,139.1597
16324,70.901886
16325,141.54884
16326,1025.1127
16327,1201.064
16330,183.30904
16332,440.04495
16333,10697.372
16338,86.98375
16339,41.321365
16340,-7.564508
16341,565.35333
16342,103.90633
16344,45.628643
16348,388.85245
16349,16.977156
16350,572.67206
16351,65.89678
16353,2619.6318
16356,87.32186
16357,350.23953
16358,565.07404
16359,610.2107
16364,267.36893
16365,574.038
16367,107.71646
16369,780.4427
16370,444.9402
16374,176.56667
16377,95.62266
16378,53.08581
16383,168.19853
16384,83.45859
16385,211.02367
16386,80.4262
16387,9.521364
16389,388.89706
16392,130.07928
16393,943.6423
16394,379.5371
16395,431.17813
16398,426.77097
16399,96.69983
16401,1181.4274
16402,108.26624
16403,92.61747
16405,61.055252
16407,845.7763
16409,641.58746
16411,205.88974
16414,10.730157
16418,323.33643
16419,316.90015
16422,6122.0728
16424,107.909325
16425,104.746124
16426,63.676575
16427,128.4603
16429,3186.1711
16431,336.28854
16434,379.61743
16440,733.98285
16441,168.85455
16442,146.49078
16444,169.10477
16446,45.221607
16447,57.06493
16448,225.2269
16449,851.41644
16450,90.78311
16455,654.6458
16456,471.18674
16457,246.75264
16458,1007.0469
16461,381.3324
16462,70.14605
16463,569.7641
16464,515.71136
16466,324.08527
16469,156.29716
16470,166.7101
16471,122.11707
16473,77.1512
16474,1059.6012
16475,467.02014
16477,764.07477
16483,125.39243
16484,96.344765
16488,118.74887
16493,269.59772
16494,109.9929
16495,137.59814
16496,174.98038
16497,597.6626
16498,40.193157
16499,187.15532
16500,119.30405
16503,-40.98562
16509,175.42992
16510,70.20542
16511,556.3209
16515,600.8676
16517,227.94037
16518,167.02834
16519,88.38448
16520,269.77264
16523,3571.4414
16525,2768.9915
16526,314.33984
16529,26.70003
16531,771.6953
16532,2199.551
16536,245.01561
16539,88.260155
16545,172.99457
16546,150.32582
16549,1463.1901
16550,359.77945
16551,109.06347
16552,148.53253
16553,92.65448
16554,367.63248
16555,268.23682
16556,1035.0754
16557,74.181305
16558,2864.3713
16560,204.3357
16565,67.10675
16566,113.43472
16567,546.5515
16570,868.8564
16571,385.30048
16572,256.71527
16573,198.73509
16581,79.09858
16582,170.49405
16583,151.30603
16584,96.79287
16586,23.239058
16587,96.37348
16589,107.57561
16592,1052.2502
16593,-0.13259791
16596,150.71234
16598,50.366314
16600,182.56175
16607,1019.85864
16609,1929.8663
16610,53.534657
16611,126.62761
16612,369.42166
16614,631.8449
16616,259.40112
16617,69.808586
16618,1039.718
16619,79.489174
16620,61.63527
16621,190.9328
16623,97.62796
16624,351.5587
16625,112.00895
16626,1628.9257
16628,410.38013
16633,786.79474
16634,61.46063
16637,297.53168
16638,909.8595
16639,297.38507
16641,445.56924
16642,194.01913
16643,185.81433
16644,289.06012
16647,89.82737
16652,1877.276
16654,111.40067
16655,585.3564
16656,2307.7742
16657,192.822
16658,264.91425
16659,-35.43911
16660,330.82272
16665,31.790522
16667,162.94568
16668,53.86791
16670,956.9711
16671,177.43486
16672,1669.1793
16676,717.79877
16678,660.56946
16679,119.70149
16681,702.3924
16682,76.9064
16684,27263.71
16686,707.3732
16690,48.450085
16692,173.17496
16693,249.18866
16696,225.89508
16697,71.727394
16698,84.67645
16700,926.9582
16701,974.03186
16705,3149.6174
16706,325.55127
16709,969.0748
16710,482.313
16711,375.81537
16712,1473.5657
16713,2523.3347
16714,276.99677
16716,64.48301
16717,1633.9786
16718,-27.483019
16719,647.2913
16721,216.00089
16722,1192.6427
16723,249.4705
16725,-34.981586
16726,484.09637
16727,139.72983
16728,225.07347
16729,2254.6975
16730,192.74258
16734,240.4179
16735,-170.02058
16738,62.663357
16739,302.1528
16743,612.8139
16744,653.4274
16745,1474.8167
16746,1699.9355
16748,574.8512
16750,223.32265
16752,87.16346
16754,-180.43628
16755,278.47336
16756,258.39658
16757,124.80014
16762,504.54947
16763,386.4935
16764,1319.356
16765,49.428383
16766,16.936646
16767,1353.5679
16768,197.22346
16769,127.66243
16770,269.32535
16771,584.2552
16774,168.75525
16775,725.30707
16777,126.73554
16778,49.89769
16779,3000.71
16780,140.60559
16781,93.96415
16782,615.3987
16788,185.85796
16791,597.3517
16792,17.572414
16794,144.75293
16795,262.7813
16801,363.2673
16804,117.60739
16805,179.09497
16806,259.8129
16807,453.10968
16808,180.7254
16809,300.47742
16810,148.00427
16812,95.82348
16813,457.87186
16814,1770.5471
16816,163.23782
16817,654.5919
16818,1090.4718
16823,108.99929
16824,220.7029
16825,476.88235
16828,79.23476
16829,59.800312
16832,34.469868
16833,107.66541
16834,10.142933
16835,17.607008
16836,106.20123
16837,520.37775
16838,310.3834
16839,7273.2534
16841,382.43695
16842,274.89008
16843,2807.7502
16849,139.81593
16850,62.043957
16852,28.104395
16858,320.2714
16859,348.24936
16861,46.120342
16863,215.5102
16866,-9.601239
16869,175.90813
16871,748.2392
16872,314.36807
16873,1394.384
16875,1012.58997
16877,307.18384
16880,517.5205
16882,165.9561
16883,86.51294
16885,149.06223
16889,378.62857
16891,212.53973
16892,92.92458
16893,76.95011
16897,124.98466
16898,644.4842
16899,338.44913
16902,199.57918
16904,495.4066
16905,1186.7032
16906,150.86713
16907,272.80057
16912,925.2419
16913,41.109993
16915,168.87416
16916,314.25824
16917,-29.867245
16918,433.47958
16919,117.20029
16923,2818.2617
16926,140.2528
16927,166.7101
16928,745.1915
16929,376.7372
16931,1381.3146
16933,112.972145
16938,505.61478
16940,849.1288
16942,568.5604
16943,372.57547
16945,1196.1398
16947,59.371395
16948,14.579612
16949,438.07468
16950,718.1609
16951,288.57126
16952,101.068306
16954,506.02228
16955,61.65335
16957,69.49561
16960,201.49088
16961,194.21252
16963,-0.8737036
16965,146.33371
16966,720.22125
16967,262.1564
16968,138.61923
16969,142.83556
16976,145.81862
16979,384.44113
16980,68.82802
16983,628.73425
16984,1196.4689
16985,2004.5757
16987,445.215
16989,174.11113
16990,102.7812
16992,353.333
16996,431.30267
16997,385.2073
16998,98.24114
17001,1334.0582
17002,451.13782
17007,258.22955
17015,1052.802
17017,278.94418
17018,174.94632
17019,445.54578
17024,62.962543
17025,-59.165443
17026,45.734528
17027,309.6274
17029,257.6309
17031,160.79958
17033,385.94052
17034,268.28094
17035,178.60165
17040,150.31525
17041,673.65485
17042,529.5878
17043,823.67255
17045,27.186869
17046,278.43384
17047,560.0752
17048,229.83568
17049,1636.4846
17050,1073.2542
17051,161.04747
17053,118.235344
17054,385.7462
17058,414.76236
17059,792.3235
17060,110.001305
17061,914.703
17062,-7.299578
17063,346.8916
17064,377.25955
17068,1515.063
17069,798.5892
17070,48.04687
17071,749.765
17073,740.7201
17075,327.68076
17076,220.53052
17080,39.043488
17082,1170.7546
17083,1074.0859
17085,354.50476
17088,899.37115
17090,844.3318
17091,1018.147
17092,321.31247
17094,98.47049
17095,620.08264
17096,309.93106
17097,133.47946
17101,845.4816
17102,63.45952
17105,196.23865
17107,4526.622
17109,391.34256
17110,363.8763
17114,186.23991
17115,372.6104
17117,70.63651
17118,195.58621
17120,85.13658
17122,85.171646
17123,167.36711
17124,368.54837
17126,339.95596
17128,106.05382
17133,2092.0417
17134,262.43085
17135,613.4948
17138,106.365486
17139,3398.3423
17140,23.239058
17142,20.178928
17146,251.25362
17147,524.0708
17152,464.34158
17155,308.37994
17157,84.195564
17158,352.27573
17159,894.3569
17160,755.13745
17162,462.90457
17164,643.21533
17165,273.20197
17166,56.724228
17169,360.83582
17171,88.57441
17173,1484.824
17174,50.716915
17175,778.4653
17176,130.08955
17179,519.53986
17180,120.32132
17181,-57.932995
17183,1946.5154
17187,140.88641
17188,850.2298
17189,281.50735
17190,258.49106
17191,725.2857
17193,80.92115
17194,33.900757
17198,584.74036
17204,355.85684
17211,882.3073
17212,165.57947
17213,894.27454
17214,336.29904
17217,27.22601
17218,601.80615
17220,1051.1536
17223,190.48425
17226,-63.470356
17227,224.70795
17228,501.08475
17229,236.88646
17230,118.553505
17231,896.63995
17234,116.812485
17235,169.62262
17236,296.29816
17238,1057.0276
17239,9.901956
17242,646.54474
17243,3230.134
17245,226.96631
17248,495.39417
17250,134.08183
17251,172.1927
17252,247.47693
17255,157.76614
17256,175.1874
17259,171.77875
17262,669.06714
17263,117.073425
17265,172.3464
17266,212.01373
17267,235.91328
17268,314.98926
17272,761.9775
17277,40.628735
17278,151.56044
17282,287.97452
17284,646.09076
17287,344.54092
17288,570.87177
17289,221.96413
17291,-12.586343
17293,516.047
17298,30.717503
17299,304.0333
17302,371.3226
17303,180.66959
17306,2527.9065
17311,420.6251
17312,208.26987
17314,852.5592
17315,1764.3738
17320,247.78981
17323,304.21826
17324,197.54675
17325,30.890137
17329,174.07172
17331,219.20918
17334,129.86653
17337,602.03046
17338,1444.4736
17339,82.44205
17340,1805.3967
17341,290.79565
17343,149.06223
17345,168.17769
17346,1077.5674
17348,441.94077
17349,-13.271524
17351,276.53186
17353,347.0175
17356,95.76142
17358,62.04056
17360,373.24698
17361,159.85257
17362,156.20407
17364,1687.4922
17365,1841.7515
17367,132.58241
17368,646.5234
17370,169.18182
17371,72.7649
17372,401.51
17373,221.39873
17374,253.74467
17375,125.489525
17376,68.350494
17377,1581.856
17381,3231.0732
17384,248.54909
17386,952.3739
17388,290.30212
17389,16932.312
17391,148.27376
17392,173.61862
17394,151.99738
17396,2184.9258
17398,122.53302
17400,405.11215
17402,641.98303
17404,10702.114
17405,429.64145
17406,114.17411
17408,119.502205
17409,414.00867
17410,356.18744
17411,420.13736
17412,507.83612
17414,873.1671
17416,1839.7809
17418,107.490036
17419,1826.3177
17420,245.45871
17422,595.1959
17423,220.79706
17426,979.6892
17428,6037.2314
17429,227.10179
17430,102.85295
17431,82.37442
17436,95.58915
17438,31.042461
17440,-7.43846
17442,793.71985
17443,102.66452
17444,274.60413
17446,-6.534927
17449,524.609
17450,28595.123
17451,396.3181
17454,-3.6582694
17455,75.00274
17456,89.09588
17457,384.1553
17460,135.4987
17462,132.17142
17463,492.0262
17464,174.6667
17469,561.6849
17470,239.08081
17472,271.07382
17483,264.19348
17486,292.24054
17489,270.5462
17490,7.4254217
17491,1152.2297
17492,178.2243
17496,104.67098
17499,75.6187
17501,73.988144
17504,262.74088
17505,131.186
17507,319.82428
17508,53.753235
17511,27500.67
17512,771.8146
17514,126.09813
17515,307.3884
17516,204.1179
17517,105.80702
17519,431.61063
17521,296.51315
17522,350.79752
17524,31.544104
17525,134.02972
17526,260.31195
17527,300.0167
17530,864.84467
17531,341.60144
17535,136.03082
17536,132.2404
17537,140.46342
17540,147.89484
17542,199.56633
17548,23.948114
17550,95.6416
17551,142.57993
17552,405.96933
17553,-98.69492
17554,516.48303
17555,192.04816
17556,211.99216
17560,160.11142
17562,287.57584
17567,1490.925
17569,183.63536
17571,303.59952
17572,26.36441
17574,72.52046
17576,934.1326
17578,273.8544
17579,90.50342
17580,72.500534
17581,3497.844
17582,115.90767
17584,116.08733
17585,390.3206
17588,155.37006
17589,592.2214
17591,410.46133
17593,799.82306
17594,151.40965
17596,1063.0696
17597,316.41998
17601,101.15078
17602,486.63275
17604,184.28047
17609,610.96423
17611,947.9781
17612,598.03485
17613,1637.3407
17615,93.80567
17616,139.69705
17618,160.99075
17619,52.97828
17621,246.01143
17624,167.60136
17625,602.3725
17629,592.0222
17630,293.88187
17631,97.76948
17633,498.94897
17634,551.77673
17637,251.05267
17639,35.436966
17642,-46.91045
17643,4.617976
17644,901.11163
17646,147.4142
17648,572.25946
17649,240.04674
17651,960.32086
17652,2118.4236
17653,514.5927
17654,70.97297
17655,693.2639
17656,510.63165
17658,350.72528
17659,1107.7823
17660,143.97319
17663,335.62735
17664,339.66687
17667,1208.6218
17669,932.2095
17670,42.836
17671,617.861
17672,1662.7598
17673,508.18762
17674,277.25726
17675,4937.9883
17676,313.64325
17677,4078.2742
17678,100.79012
17682,627.94104
17685,1321.2025
17686,894.6107
17690,1270.7876
17691,-12.380336
17692,242.94856
17693,107.951675
17694,222.90315
17695,369.1386
17696,650.96704
17697,149.17494
17698,106.47254
17700,-75.601036
17701,26.266098
17702,136.54845
17703,326.39645
17704,391.1178
17705,532.6224
17706,4257.6865
17707,45.734528
17708,30.439598
17709,158.736
17711,115.58296
17714,63.16145
17715,181.96712
17716,1853.1609
17718,209.75748
17719,1703.2638
17720,553.8545
17722,545.79865
17723,692.3759
17724,353.6012
17725,1072.4005
17730,1265.8218
17731,376.7086
17732,113.65191
17733,158.97273
17734,198.45395
17735,3806.1252
17736,85.14128
17738,627.8667
17739,1138.6245
17742,184.70612
17744,508.69675
17746,78.880714
17747,37.69947
17749,338.36395
17750,313.18246
17752,23.801088
17754,664.1614
17757,1198.9619
17758,697.9386
17759,237.22891
17760,94.77625
17763,4.0235376
17764,327.9256
17765,86.20867
17768,205.90926
17769,1491.1837
17770,516.764
17771,56.285934
17774,1227.4141
17775,41.555885
17777,288.26993
17779,684.1183
17781,82.932365
17783,56.64993
17786,149.77017
17787,191.98923
17788,825.3065
17789,82.86807
17790,546.0126
17795,104.04828
17796,71.20914
17797,508.58606
17799,863.4798
17800,352.3359
17802,428.25693
17809,2247.6787
17811,2810.0476
17812,287.29028
17816,38.328583
17817,23.242342
17819,3491.578
17827,447.34747
17828,911.10925
17829,491.1171
17830,98.34701
17837,610.7527
17838,800.8737
17841,16155.817
17843,110.716484
17844,-3.967106
17848,138.33643
17849,100.22432
17850,2.2273712
17854,137.45792
17855,96.768425
17856,221.66792
17857,10100.046
17858,735.4375
17859,16.812742
17860,193.09431
17861,399.00525
17862,87.79093
17863,1383.2778
17864,295.21857
17865,3468.3525
17866,460.35876
17867,488.56494
17869,60.21121
17870,672.9381
17871,117.27081
17873,1078.0356
17874,141.03362
17877,158.5193
17879,23.669018
17880,100.17888
17881,36.667007
17883,132.8341
17884,85.88684
17886,329.74924
17887,53.573036
17888,150.47772
17889,99.62592
17890,41.166298
17891,92.690765
17892,248.73236
17893,51.395035
17894,253.87846
17897,128.08513
17898,83.378456
17899,174.12146
17900,-12.027771
17905,175.09587
17906,54.270237
17908,30.03464
17912,49.18124
17913,124.84091
17917,133.89024
17920,1277.6118
17921,190.9328
17923,116.21295
17924,1106.0209
17925,80.48833
17926,168.20639
17928,54.270237
17929,106.25913
17930,502.27988
17931,178.4049
17932,404.81827
17935,8.642109
17937,300.66183
17939,45.628643
17940,860.97186
17941,42.160233
17946,4.8902164
17948,218.47255
17949,10339.162
17950,165.49205
17951,330.04276
17954,820.8182
17955,228.74055
17956,43.84451
17958,185.65665
17960,66.92264
17961,128.83942
17962,127.10478
17964,148.54639
17965,781.4884
17966,287.3742
17967,174.00327
17968,71.8925
17969,155.65509
17970,103.62956
17972,43.230385
17974,178.56584
17975,965.5567
17976,229.42484
17978,134.08635
17979,324.04102
17980,227.49469
17984,508.7896
17987,119.261185
17988,68.977135
17990,276.10092
17991,21.683218
17994,430.17487
17995,24.647999
17997,536.34155
17999,210.2826
18004,126.65383
18008,324.57043
18009,117.746155
18010,146.56024
18011,30.838411
18013,66.817726
18016,413.8951
18017,181.13547
18018,79.52546
18024,135.55995
18032,4.7230406
18036,254.61212
18037,68.36239
18040,177.33936
18041,1134.2483
18043,276.0623
18044,606.6885
18048,18.13317
18050,23.801088
18055,2029.5386
18056,132.82645
18061,609.8401
18062,138.57523
18064,181.1743
18065,643.86316
18068,37.06894
18069,838.5077
18071,160.67352
18072,269.77094
18073,2138.615
18074,63.804867
18075,710.05035
18077,561.50397
18078,252.34198
18079,1270.7485
18080,399.118
18081,87.42915
18085,149.4134
18086,42.588627
18087,2202.223
18092,2362.6736
18093,405.44394
18094,991.82684
18095,42.12669
18097,320.4487
18099,120.47983
18101,249.6884
18102,28178.164
18106,164.19771
18108,149.2156
18109,2334.0156
18112,84.896675
18113,34.426025
18114,103.81113
18116,230.97324
18118,1636.7051
18119,108.68016
18120,65.33232
18121,81.28832
18122,735.2621
18125,278.20523
18127,262.79355
18129,53.907513
18133,300.35315
18135,26.655167
18136,259.1126
18138,95.46297
18142,290.82996
18143,633.8346
18144,618.0803
18145,1020.2723
18146,7.248919
18147,92.580956
18149,316.22012
18150,152.91728
18151,142.0627
18155,111.54579
18156,339.4935
18159,15.0485115
18160,228.65099
18161,309.40894
18165,548.75586
18167,920.5546
18168,728.94794
18170,440.3819
18171,473.6237
18172,2133.9167
18173,734.0131
18176,156.77881
18177,330.48825
18178,495.23096
18179,439.2839
18180,91.93726
18183,185.69995
18185,246.12967
18188,668.8338
18189,208.40393
18190,133.90938
18191,160.39651
18193,164.23325
18196,208.07039
18198,861.31006
18200,174.57127
18202,122.70675
18203,203.26309
18204,632.25226
18210,1017.98175
18211,265.3325
18212,76.11545
18213,196.93938
18218,439.1716
18219,593.1205
18220,121.714005
18221,184.6761
18223,2233.6416
18224,195.66292
18225,1624.8247
18226,1467.0916
18227,71.80975
18229,2187.9153
18230,946.80664
18231,237.83818
18232,216.84204
18233,120.82528
18235,749.86505
18236,341.2489
18237,177.6878
18239,405.49527
18241,821.39246
18242,669.15137
18245,526.3878
18246,203.32065
18248,384.94913
18250,16.77175
18252,115.6879
18257,524.87714
18259,1053.878
18260,1793.2312
18262,104.063934
18263,384.39963
18265,175.81282
18268,178.90494
18269,153.48538
18270,30.977623
18272,923.95496
18273,36.18792
18280,60.516003
18281,66.20414
18282,87.436325
18283,786.01154
18287,883.41864
